{
  "description": {
    "title": "",
    "text": ""
  },
  "links_1": {
    "list_pages": true,
    "title": "Páginas",
    "list": [
      {}
    ]
  },
  "links_2": {
    "list_categories": true,
    "title": "Categorias",
    "list": []
  },
  "contacts": {
    "title": "Contatos",
    "phone_wpp": true,
    "socials": true,
    "email": true,
    "address": true
  },
  "stamps": [
    {
      "src": "/img/uploads/norton-secured.png",
      "link": "https://safeweb.norton.com/report/show?url=https%3A%2F%2Fwww.iphonevendasx.com.br%2F"
    },
    {
      "src": "/img/uploads/google-site-seguro.png",
      "link": "https://transparencyreport.google.com/safe-browsing/search?url=https:%2F%2Fwww.iphonevendasx.com.br%2F"
    }
  ],
  "payment_methods": {
    "bb": false,
    "visa": true,
    "boleto": false,
    "aura": false,
    "banrisul": false,
    "elo": true,
    "hipercard": false,
    "hsbc": false,
    "bradesco": false,
    "santander": false,
    "mastercard": true,
    "citibank": false,
    "mais": false,
    "itau": false
  },
  "credits": ""
}