{
  "marketing_stripe": {
    "text": "Referência no Mundo Apple - É US GURI DOS IPHONES",
    "link": "",
    "background": "#1f16c2",
    "color": "#ffffff"
  },
  "contacts_stripe": {
    "pages": [],
    "phone_wpp": true,
    "socials": true
  },
  "categories_list": {
    "featured": [
      "/linha-apple?Linha Apple",
      "/iphones---novos?iPhones - Novos",
      "/iphones---semi-novos?iPhones - Semi Novos"
    ],
    "random": 3,
    "full_width": true
  },
  "desktop_megamenu": false,
  "search_input": true,
  "alphabetical_order_submenu": true,
  "full_width_submenu": false
}