{
  "meta_title": "",
  "meta_description": "",
  "sections": [
    {
      "type": "banner-slider",
      "autoplay": 9000,
      "full_width": false,
      "slides": [
        {
          "start": "2023-09-17T17:30:21.806Z",
          "end": "",
          "img": "/img/uploads/whatsapp-image-2023-09-15-at-15.37.03.webp"
        }
      ]
    },
    {
      "type": "collection-shelf",
      "shuffle": false,
      "limit": 12,
      "page": 1,
      "collection_id": "62e1590eeb8591121699d335:categories:iPhones - Semi Novos:/iphones---semi-novos",
      "sort": "news"
    },
    {
      "type": "collection-shelf",
      "shuffle": false,
      "limit": 12,
      "page": 1,
      "collection_id": "62e15939eb8591121699d380:categories:iPhones - Novos:/iphones---novos",
      "sort": "news"
    },
    {
      "type": "collection-shelf",
      "shuffle": false,
      "limit": 12,
      "page": 1,
      "collection_id": "62e15743eb8591121699cea1:categories:Linha Apple:/linha-apple",
      "sort": "news"
    },
    {
      "type": "banners-grid",
      "banners": [
        {
          "img": "/img/uploads/andre-henrique.webp",
          "alt": "Teste"
        },
        {
          "img": "/img/uploads/bitelo.webp"
        },
        {
          "img": "/img/uploads/diogo-barbosa.webp",
          "link": "",
          "alt": "Teste"
        },
        {
          "img": "/img/uploads/mota.webp",
          "alt": "2"
        }
      ]
    },
    {
      "type": "info-bar",
      "enabled": true
    }
  ]
}