{
  "shipping": {
    "show": true,
    "text": "",
    "link": "",
    "title": "Entregas sem custo - Porto Alegre e Região Metropolitana"
  },
  "installments": {
    "show": true,
    "text": "",
    "title": "As melhores condições de pagamento"
  },
  "exchange": {
    "show": true,
    "text": "",
    "title": "Faça Upgrade - Aceitamos seus aparelhos como parte do pagamento"
  },
  "promo": {
    "show": true,
    "text": "",
    "title": "Visite nosso escritório - Praia de Belas Prime Offices"
  }
}